timestamp,user,recipient,action,subject,attachment_size
2026-04-02 08:03:56,carol,colleague45@client-abc.com,send,Project update 5,487767
2026-04-02 14:13:07,oscar,colleague44@gmail.com,send,Project update 1,229909
2026-04-02 10:50:05,henry,colleague9@outlook.com,send,Project update 15,0
2026-04-02 09:43:52,dave,colleague40@gmail.com,send,Project update 19,0
2026-04-02 14:48:16,eve,colleague40@vendor.io,send,Project update 20,0
2026-04-02 11:36:22,bob,colleague29@vendor.io,send,Project update 14,85991
2026-04-02 11:25:28,ivan,colleague35@yahoo.com,send,Project update 24,0
2026-04-02 08:45:44,ivan,colleague40@client-abc.com,send,Project update 2,175587
2026-04-02 11:36:22,dave,colleague33@outlook.com,send,Project update 5,81743
2026-04-02 14:03:51,pat,colleague39@yahoo.com,send,Project update 15,0
2026-04-02 13:36:10,bob,colleague41@outlook.com,send,Project update 29,279210
2026-04-02 12:05:19,oscar,colleague46@yahoo.com,send,Project update 9,255603
2026-04-02 12:11:49,alice,colleague41@outlook.com,send,Project update 6,57846
2026-04-02 15:59:58,ivan,colleague49@client-abc.com,send,Project update 20,0
2026-04-02 08:05:56,pat,colleague42@gmail.com,send,Project update 26,178115
2026-04-02 14:53:13,grace,colleague35@yahoo.com,send,Project update 28,494079
2026-04-02 12:58:02,eve,colleague45@outlook.com,send,Project update 18,0
2026-04-02 14:29:09,grace,colleague7@vendor.io,send,Project update 22,142859
2026-04-02 15:45:56,carol,colleague27@outlook.com,send,Project update 1,249170
2026-04-02 08:52:10,grace,colleague7@gmail.com,send,Project update 24,0
2026-04-02 14:59:13,henry,colleague24@vendor.io,send,Project update 1,47877
2026-04-02 10:28:53,alice,colleague36@yahoo.com,send,Project update 2,0
2026-04-02 09:28:39,grace,colleague23@gmail.com,send,Project update 14,0
2026-04-02 14:34:39,henry,colleague20@yahoo.com,send,Project update 25,26508
2026-04-02 14:49:52,alice,colleague39@client-abc.com,send,Project update 15,258642
2026-04-02 15:40:17,henry,colleague10@partner-corp.com,send,Project update 30,0
2026-04-02 15:10:57,carol,colleague40@partner-corp.com,send,Project update 20,0
2026-04-02 15:17:37,carol,colleague23@client-abc.com,send,Project update 8,0
2026-04-02 11:35:18,henry,colleague30@partner-corp.com,send,Project update 8,0
2026-04-02 11:46:55,bob,colleague36@gmail.com,send,Project update 2,67287
2026-04-02 11:48:44,oscar,colleague33@yahoo.com,send,Project update 16,0
2026-04-02 15:05:51,grace,colleague28@vendor.io,send,Project update 13,0
2026-04-02 08:13:23,eve,colleague9@vendor.io,send,Project update 5,0
2026-04-02 15:18:49,carol,colleague47@vendor.io,send,Project update 5,27431
2026-04-02 12:01:09,alice,colleague21@yahoo.com,send,Project update 22,0
2026-04-02 14:58:34,dave,colleague12@outlook.com,send,Project update 24,0
2026-04-02 14:08:33,henry,colleague35@partner-corp.com,send,Project update 30,295127
2026-04-02 12:29:01,eve,colleague24@gmail.com,send,Project update 5,427012
2026-04-02 10:22:04,ivan,colleague14@vendor.io,send,Project update 8,163400
2026-04-02 10:33:26,carol,colleague16@yahoo.com,send,Project update 1,0
2026-04-02 11:21:06,alice,colleague37@client-abc.com,send,Project update 30,220495
2026-04-02 08:38:00,mallory,colleague50@vendor.io,send,Project update 25,0
2026-04-02 12:33:54,mallory,colleague2@client-abc.com,send,Project update 25,0
2026-04-02 13:23:55,ivan,colleague41@vendor.io,send,Project update 12,91018
2026-04-02 14:11:41,pat,colleague28@client-abc.com,send,Project update 5,0
2026-04-02 11:53:45,alice,colleague14@client-abc.com,send,Project update 17,251665
2026-04-02 15:47:16,ivan,colleague8@gmail.com,send,Project update 11,0
2026-04-02 12:54:24,alice,colleague10@partner-corp.com,send,Project update 29,0
2026-04-02 11:06:40,alice,colleague18@client-abc.com,send,Project update 30,0
2026-04-02 13:32:02,carol,colleague46@partner-corp.com,send,Project update 7,0
2026-04-02 13:49:59,eve,colleague33@gmail.com,send,Project update 29,464999
2026-04-02 08:14:29,bob,colleague39@client-abc.com,send,Project update 6,0
2026-04-02 10:44:19,pat,colleague23@outlook.com,send,Project update 13,0
2026-04-02 11:47:34,henry,colleague25@vendor.io,send,Project update 24,430850
2026-04-02 12:33:13,dave,colleague20@outlook.com,send,Project update 12,0
2026-04-02 14:36:09,henry,colleague21@yahoo.com,send,Project update 26,0
2026-04-02 10:46:38,mallory,colleague38@client-abc.com,send,Project update 19,0
2026-04-02 08:07:43,oscar,colleague49@outlook.com,send,Project update 21,237826
2026-04-02 14:14:05,alice,colleague12@vendor.io,send,Project update 11,0
2026-04-02 09:01:04,dave,colleague44@outlook.com,send,Project update 16,0
2026-04-02 12:46:53,eve,colleague33@vendor.io,send,Project update 25,0
2026-04-02 12:27:08,dave,colleague20@vendor.io,send,Project update 14,0
2026-04-02 08:51:55,ivan,colleague50@partner-corp.com,send,Project update 14,0
2026-04-02 15:45:08,mallory,colleague48@partner-corp.com,send,Project update 5,0
2026-04-02 15:21:13,alice,colleague32@partner-corp.com,send,Project update 23,0
2026-04-02 11:34:00,dave,colleague37@client-abc.com,send,Project update 5,0
2026-04-02 15:20:07,dave,colleague42@client-abc.com,send,Project update 21,0
2026-04-02 12:52:27,pat,colleague50@client-abc.com,send,Project update 4,159490
2026-04-02 08:19:28,henry,colleague1@outlook.com,send,Project update 14,199455
2026-04-02 15:59:19,henry,colleague46@vendor.io,send,Project update 23,0
2026-04-02 15:00:13,oscar,colleague21@partner-corp.com,send,Project update 19,133998
2026-04-02 10:48:35,carol,colleague45@outlook.com,send,Project update 29,104191
2026-04-02 14:08:36,bob,colleague17@client-abc.com,send,Project update 12,412330
2026-04-02 09:42:16,mallory,colleague42@yahoo.com,send,Project update 14,48699
2026-04-02 10:20:23,eve,colleague19@partner-corp.com,send,Project update 14,0
2026-04-02 09:23:20,alice,colleague49@client-abc.com,send,Project update 5,0
2026-04-02 10:11:36,dave,colleague3@client-abc.com,send,Project update 10,107277
2026-04-02 09:13:22,pat,colleague13@yahoo.com,send,Project update 9,26752
2026-04-02 10:43:16,henry,colleague12@yahoo.com,send,Project update 13,0
2026-04-02 10:26:25,grace,colleague50@vendor.io,send,Project update 2,0
2026-04-02 09:47:12,ivan,colleague7@client-abc.com,send,Project update 2,276226
2026-04-02 08:32:06,bob,colleague16@outlook.com,send,Project update 13,0
2026-04-02 15:41:22,eve,colleague30@yahoo.com,send,Project update 29,0
2026-04-02 10:12:24,ivan,colleague11@client-abc.com,send,Project update 28,360614
2026-04-02 13:28:42,bob,colleague50@gmail.com,send,Project update 25,0
2026-04-02 15:11:36,pat,colleague46@vendor.io,send,Project update 20,0
2026-04-02 12:32:01,carol,colleague48@partner-corp.com,send,Project update 19,131353
2026-04-02 08:30:01,ivan,colleague16@client-abc.com,send,Project update 6,13036
2026-04-02 11:26:33,oscar,colleague36@client-abc.com,send,Project update 20,0
2026-04-02 14:20:27,bob,colleague8@partner-corp.com,send,Project update 11,75950
2026-04-02 15:17:38,dave,colleague35@outlook.com,send,Project update 11,0
2026-04-02 15:07:11,bob,colleague42@outlook.com,send,Project update 26,0
2026-04-02 08:25:56,mallory,colleague37@partner-corp.com,send,Project update 20,0
2026-04-02 13:02:04,alice,colleague37@gmail.com,send,Project update 16,455208
2026-04-02 11:08:49,dave,colleague31@vendor.io,send,Project update 8,0
2026-04-02 08:27:21,eve,colleague44@vendor.io,send,Project update 16,342469
2026-04-02 11:39:57,mallory,colleague23@yahoo.com,send,Project update 25,0
2026-04-02 08:24:20,grace,colleague34@yahoo.com,send,Project update 21,73645
2026-04-02 10:41:20,carol,colleague2@vendor.io,send,Project update 5,0
2026-04-02 14:19:58,ivan,colleague25@gmail.com,send,Project update 27,156279
2026-04-02 14:37:14,henry,colleague43@client-abc.com,send,Project update 8,0
2026-04-02 15:28:38,alice,colleague39@outlook.com,send,Project update 19,0
2026-04-02 09:44:58,henry,colleague43@gmail.com,send,Project update 10,0
2026-04-02 15:44:35,pat,colleague43@partner-corp.com,send,Project update 10,0
2026-04-02 14:20:31,grace,colleague42@gmail.com,send,Project update 1,0
2026-04-02 08:11:24,henry,colleague3@yahoo.com,send,Project update 26,0
2026-04-02 09:46:42,ivan,colleague32@yahoo.com,send,Project update 5,0
2026-04-02 15:58:47,ivan,colleague43@vendor.io,send,Project update 27,0
2026-04-02 12:21:59,carol,colleague40@partner-corp.com,send,Project update 7,0
2026-04-02 11:25:12,dave,colleague14@gmail.com,send,Project update 28,0
2026-04-02 11:11:50,grace,colleague1@gmail.com,send,Project update 9,0
2026-04-02 15:08:08,mallory,colleague2@gmail.com,send,Project update 10,0
2026-04-02 11:54:17,mallory,colleague20@outlook.com,send,Project update 16,327900
2026-04-02 08:44:18,eve,colleague34@gmail.com,send,Project update 3,241633
2026-04-02 12:56:22,alice,colleague40@partner-corp.com,send,Project update 28,0
2026-04-02 08:25:15,ivan,colleague6@partner-corp.com,send,Project update 5,109216
2026-04-02 11:18:46,oscar,colleague46@outlook.com,send,Project update 10,139864
2026-04-02 10:30:45,ivan,colleague22@outlook.com,send,Project update 3,0
2026-04-02 10:44:01,eve,colleague28@yahoo.com,send,Project update 18,237172
2026-04-02 09:08:57,bob,colleague29@yahoo.com,send,Project update 23,149904
2026-04-02 12:02:27,ivan,colleague30@partner-corp.com,send,Project update 25,0
2026-04-02 15:06:39,dave,colleague12@partner-corp.com,send,Project update 19,0
2026-04-02 12:34:26,dave,colleague12@partner-corp.com,send,Project update 16,0
2026-04-02 11:04:47,oscar,colleague36@vendor.io,send,Project update 25,0
2026-04-02 12:23:54,alice,colleague26@vendor.io,send,Project update 4,348986
2026-04-02 08:07:48,pat,colleague30@outlook.com,send,Project update 4,466121
2026-04-02 13:29:40,alice,colleague19@gmail.com,send,Project update 28,0
2026-04-02 10:16:31,oscar,colleague22@vendor.io,send,Project update 7,0
2026-04-02 09:35:51,bob,colleague26@outlook.com,send,Project update 17,0
2026-04-02 10:50:09,alice,colleague11@partner-corp.com,send,Project update 27,0
2026-04-02 08:30:42,dave,colleague31@vendor.io,send,Project update 15,0
2026-04-02 12:01:40,oscar,colleague41@outlook.com,send,Project update 9,0
2026-04-02 13:59:24,carol,colleague35@client-abc.com,send,Project update 28,283442
2026-04-02 09:17:26,eve,colleague31@client-abc.com,send,Project update 8,0
2026-04-02 14:54:05,bob,colleague16@partner-corp.com,send,Project update 2,0
2026-04-02 14:55:10,eve,colleague23@client-abc.com,send,Project update 17,241919
2026-04-02 08:23:49,dave,colleague19@yahoo.com,send,Project update 25,202423
2026-04-02 14:56:11,ivan,colleague50@vendor.io,send,Project update 8,0
2026-04-02 11:07:33,grace,colleague18@gmail.com,send,Project update 12,0
2026-04-02 08:49:28,grace,colleague48@client-abc.com,send,Project update 1,0
2026-04-02 13:10:22,oscar,colleague3@gmail.com,send,Project update 11,137832
2026-04-02 13:52:12,dave,colleague6@outlook.com,send,Project update 1,0
2026-04-02 11:45:39,pat,colleague31@partner-corp.com,send,Project update 20,155043
2026-04-02 13:15:16,ivan,colleague34@partner-corp.com,send,Project update 28,0
2026-04-02 14:34:40,henry,colleague11@gmail.com,send,Project update 15,0
2026-04-02 11:27:35,eve,colleague36@client-abc.com,send,Project update 27,0
2026-04-02 14:15:52,grace,colleague33@vendor.io,send,Project update 2,0
2026-04-02 11:40:56,eve,colleague45@vendor.io,send,Project update 15,0
2026-04-02 09:03:20,pat,colleague19@gmail.com,send,Project update 26,39682
2026-04-02 08:04:52,pat,colleague12@client-abc.com,send,Project update 18,111293
2026-04-02 13:52:24,ivan,colleague18@client-abc.com,send,Project update 8,205453
2026-04-02 15:24:35,alice,colleague22@vendor.io,send,Project update 29,0
2026-04-02 15:30:01,eve,colleague28@client-abc.com,send,Project update 22,0
2026-04-02 13:52:21,pat,colleague40@client-abc.com,send,Project update 29,216673
2026-04-02 14:06:06,grace,colleague44@outlook.com,send,Project update 17,320586
2026-04-02 10:28:45,grace,colleague48@outlook.com,send,Project update 16,486379
2026-04-02 15:33:04,alice,colleague38@vendor.io,send,Project update 6,252264
2026-04-02 12:00:20,alice,colleague29@gmail.com,send,Project update 26,0
2026-04-02 14:17:35,mallory,colleague19@outlook.com,send,Project update 13,0
2026-04-02 11:06:21,pat,colleague17@vendor.io,send,Project update 15,0
2026-04-02 15:30:45,bob,colleague36@outlook.com,send,Project update 20,0
2026-04-02 10:18:48,henry,colleague18@gmail.com,send,Project update 28,0
2026-04-02 11:10:48,mallory,colleague4@outlook.com,send,Project update 16,249707
2026-04-02 13:27:30,pat,colleague25@client-abc.com,send,Project update 9,93018
2026-04-02 12:37:51,carol,colleague42@vendor.io,send,Project update 22,407759
2026-04-02 09:46:57,carol,colleague4@client-abc.com,send,Project update 28,0
2026-04-02 11:02:24,carol,colleague38@partner-corp.com,send,Project update 18,0
2026-04-02 13:46:03,carol,colleague16@yahoo.com,send,Project update 8,227113
2026-04-02 12:27:46,alice,colleague31@partner-corp.com,send,Project update 8,332069
2026-04-02 12:37:51,carol,colleague43@gmail.com,send,Project update 16,499957
2026-04-02 13:19:01,eve,colleague39@client-abc.com,send,Project update 13,372173
2026-04-02 11:41:32,alice,colleague7@partner-corp.com,send,Project update 21,0
2026-04-02 12:02:21,alice,colleague32@outlook.com,send,Project update 18,0
2026-04-02 09:11:17,eve,colleague39@yahoo.com,send,Project update 25,153032
2026-04-02 10:49:33,mallory,colleague16@partner-corp.com,send,Project update 7,0
2026-04-02 08:21:33,carol,colleague16@yahoo.com,send,Project update 17,205630
2026-04-02 12:18:51,ivan,colleague39@yahoo.com,send,Project update 9,391199
2026-04-02 13:29:01,mallory,colleague15@client-abc.com,send,Project update 9,0
2026-04-02 09:32:30,eve,colleague45@vendor.io,send,Project update 13,171857
2026-04-02 13:14:39,ivan,colleague29@gmail.com,send,Project update 23,0
2026-04-02 14:11:22,carol,colleague10@outlook.com,send,Project update 3,0
2026-04-02 15:27:38,oscar,colleague45@vendor.io,send,Project update 5,0
2026-04-02 14:53:12,mallory,colleague26@vendor.io,send,Project update 18,0
2026-04-02 14:35:15,bob,colleague4@client-abc.com,send,Project update 13,0
2026-04-02 14:56:38,dave,colleague22@yahoo.com,send,Project update 6,0
2026-04-02 09:45:58,ivan,colleague9@outlook.com,send,Project update 22,297599
2026-04-02 09:04:20,mallory,colleague24@client-abc.com,send,Project update 13,0
2026-04-02 09:33:04,bob,colleague34@vendor.io,send,Project update 14,0
2026-04-02 11:15:34,grace,colleague11@client-abc.com,send,Project update 6,315372
2026-04-02 09:24:54,mallory,colleague37@partner-corp.com,send,Project update 5,0
2026-04-02 13:54:24,carol,colleague49@partner-corp.com,send,Project update 18,0
2026-04-02 09:37:26,dave,colleague16@gmail.com,send,Project update 25,286268
2026-04-02 08:01:04,oscar,colleague20@client-abc.com,send,Project update 30,111547
2026-04-02 15:15:22,bob,colleague24@yahoo.com,send,Project update 30,435508
2026-04-02 14:10:11,grace,colleague11@partner-corp.com,send,Project update 28,0
2026-04-02 11:04:54,eve,colleague2@client-abc.com,send,Project update 1,208123
2026-04-02 11:03:08,carol,colleague22@gmail.com,send,Project update 27,241168
2026-04-02 11:53:24,ivan,colleague14@yahoo.com,send,Project update 26,0
2026-04-02 10:10:02,alice,colleague8@yahoo.com,send,Project update 12,0
2026-04-02 14:34:26,grace,colleague7@gmail.com,send,Project update 29,135342
2026-04-02 11:47:04,mallory,colleague41@gmail.com,send,Project update 21,172023
2026-04-02 08:30:05,carol,colleague6@client-abc.com,send,Project update 2,32034
2026-04-02 12:42:44,alice,colleague7@partner-corp.com,send,Project update 13,0
2026-04-02 12:47:06,oscar,colleague18@yahoo.com,send,Project update 30,0
2026-04-02 11:23:04,carol,colleague48@client-abc.com,send,Project update 22,68275
2026-04-02 09:40:42,dave,colleague35@outlook.com,send,Project update 24,0
2026-04-02 12:38:52,pat,colleague7@partner-corp.com,send,Project update 9,0
2026-04-02 12:33:17,mallory,colleague47@vendor.io,send,Project update 14,0
2026-04-02 10:05:31,eve,colleague11@vendor.io,send,Project update 6,163756
2026-04-02 11:31:28,henry,colleague29@gmail.com,send,Project update 13,113358
2026-04-02 08:26:58,mallory,colleague8@client-abc.com,send,Project update 1,83820
2026-04-02 13:56:38,bob,colleague38@yahoo.com,send,Project update 27,109535
2026-04-02 11:43:19,henry,colleague45@gmail.com,send,Project update 4,0
2026-04-02 13:39:54,carol,colleague48@partner-corp.com,send,Project update 25,164997
2026-04-02 15:30:50,eve,colleague43@gmail.com,send,Project update 27,137223
2026-04-02 13:32:45,bob,colleague27@outlook.com,send,Project update 3,16302
2026-04-02 14:05:52,henry,colleague36@yahoo.com,send,Project update 27,0
2026-04-02 13:11:39,pat,colleague20@yahoo.com,send,Project update 20,0
2026-04-02 15:55:02,grace,colleague46@gmail.com,send,Project update 11,0
2026-04-02 13:36:24,eve,colleague15@yahoo.com,send,Project update 9,0
2026-04-02 13:44:40,mallory,colleague23@partner-corp.com,send,Project update 24,0
2026-04-02 13:24:19,alice,colleague36@partner-corp.com,send,Project update 25,422339
2026-04-02 09:02:38,henry,colleague38@yahoo.com,send,Project update 4,0
2026-04-02 11:42:05,ivan,colleague24@client-abc.com,send,Project update 12,0
2026-04-02 12:47:55,grace,colleague39@outlook.com,send,Project update 24,0
2026-04-02 15:11:25,bob,colleague20@client-abc.com,send,Project update 30,378909
2026-04-02 10:48:05,dave,colleague42@outlook.com,send,Project update 2,0
2026-04-02 08:45:37,ivan,colleague16@vendor.io,send,Project update 4,0
2026-04-02 14:15:28,grace,colleague11@yahoo.com,send,Project update 4,0
2026-04-02 08:58:35,grace,colleague43@gmail.com,send,Project update 19,333997
2026-04-02 15:45:02,oscar,colleague33@yahoo.com,send,Project update 26,0
2026-04-02 09:21:53,grace,colleague18@outlook.com,send,Project update 8,0
2026-04-02 09:50:24,eve,colleague13@yahoo.com,send,Project update 6,0
2026-04-02 13:33:52,henry,colleague9@outlook.com,send,Project update 8,485123
2026-04-02 14:19:02,ivan,colleague48@client-abc.com,send,Project update 22,0
2026-04-02 13:28:29,carol,colleague15@gmail.com,send,Project update 15,0
2026-04-02 13:54:33,carol,colleague48@outlook.com,send,Project update 7,51543
2026-04-02 11:45:29,oscar,colleague24@yahoo.com,send,Project update 6,0
2026-04-02 08:53:37,bob,colleague35@yahoo.com,send,Project update 8,0
2026-04-02 15:35:02,eve,colleague16@client-abc.com,send,Project update 24,0
2026-04-02 11:38:10,oscar,colleague12@vendor.io,send,Project update 29,127567
2026-04-02 13:33:27,carol,colleague41@yahoo.com,send,Project update 26,0
2026-04-02 13:52:38,carol,colleague4@partner-corp.com,send,Project update 3,0
2026-04-02 08:20:37,eve,colleague5@outlook.com,send,Project update 30,0
2026-04-02 14:55:49,pat,colleague2@outlook.com,send,Project update 6,0
2026-04-02 09:44:57,oscar,colleague31@client-abc.com,send,Project update 15,170825
2026-04-02 08:49:04,pat,colleague38@client-abc.com,send,Project update 9,471190
2026-04-02 12:02:01,grace,colleague22@client-abc.com,send,Project update 16,0
2026-04-02 10:58:43,mallory,colleague39@partner-corp.com,send,Project update 3,34846
2026-04-02 14:21:41,henry,colleague43@gmail.com,send,Project update 3,0
2026-04-02 08:47:36,eve,colleague3@yahoo.com,send,Project update 23,0
2026-04-02 11:36:24,carol,colleague47@client-abc.com,send,Project update 4,0
2026-04-02 15:52:21,carol,colleague14@gmail.com,send,Project update 11,0
2026-04-02 08:25:32,grace,colleague13@client-abc.com,send,Project update 1,0
2026-04-02 13:52:13,bob,colleague7@vendor.io,send,Project update 7,429201
2026-04-02 08:38:56,henry,colleague11@client-abc.com,send,Project update 2,396498
2026-04-02 13:17:11,alice,colleague30@client-abc.com,send,Project update 26,360478
2026-04-02 12:43:41,oscar,colleague18@client-abc.com,send,Project update 28,0
2026-04-02 15:42:47,mallory,colleague1@partner-corp.com,send,Project update 17,263196
2026-04-02 15:52:19,oscar,colleague9@outlook.com,send,Project update 14,0
2026-04-02 15:21:38,mallory,colleague3@vendor.io,send,Project update 13,0
2026-04-02 15:08:49,pat,colleague11@client-abc.com,send,Project update 8,20003
2026-04-02 13:22:12,carol,colleague49@partner-corp.com,send,Project update 7,0
2026-04-02 08:10:50,dave,colleague7@yahoo.com,send,Project update 13,0
2026-04-02 12:09:36,pat,colleague17@client-abc.com,send,Project update 12,374279
2026-04-02 12:11:39,grace,colleague4@outlook.com,send,Project update 19,0
2026-04-02 12:38:14,ivan,colleague26@gmail.com,send,Project update 14,287634
2026-04-02 13:44:53,carol,colleague31@gmail.com,send,Project update 13,0
2026-04-02 13:32:24,eve,colleague28@yahoo.com,send,Project update 13,0
2026-04-02 12:04:01,bob,colleague26@yahoo.com,send,Project update 13,0
2026-04-02 11:42:55,alice,colleague35@gmail.com,send,Project update 8,0
2026-04-02 13:02:10,mallory,colleague39@vendor.io,send,Project update 16,0
2026-04-02 12:45:00,eve,colleague41@partner-corp.com,send,Project update 15,0
2026-04-02 14:53:09,oscar,colleague7@yahoo.com,send,Project update 29,170822
2026-04-02 11:14:48,bob,colleague42@vendor.io,send,Project update 15,0
2026-04-02 10:18:47,bob,colleague22@client-abc.com,send,Project update 27,0
2026-04-02 09:18:54,alice,colleague34@gmail.com,send,Project update 3,324015
2026-04-02 09:42:33,grace,colleague30@yahoo.com,send,Project update 11,499474
2026-04-02 08:39:06,pat,colleague23@yahoo.com,send,Project update 24,0
2026-04-02 13:03:22,ivan,colleague10@client-abc.com,send,Project update 28,0
2026-04-02 12:15:00,carol,colleague32@outlook.com,send,Project update 26,0
2026-04-02 15:00:04,pat,colleague30@client-abc.com,send,Project update 16,302164
2026-04-02 12:01:11,henry,colleague45@client-abc.com,send,Project update 25,246036
2026-04-02 10:37:54,henry,colleague17@client-abc.com,send,Project update 11,0
2026-04-02 12:37:18,oscar,colleague4@yahoo.com,send,Project update 23,252106
2026-04-02 08:19:56,alice,colleague47@vendor.io,send,Project update 7,0
2026-04-02 12:10:33,dave,colleague47@gmail.com,send,Project update 6,0
2026-04-02 12:17:38,alice,colleague18@gmail.com,send,Project update 7,0
2026-04-02 12:34:41,oscar,colleague40@partner-corp.com,send,Project update 19,0
2026-04-02 13:34:53,dave,colleague30@client-abc.com,send,Project update 14,211859
2026-04-02 08:06:21,ivan,colleague26@yahoo.com,send,Project update 11,0
2026-04-02 10:07:29,dave,colleague7@yahoo.com,send,Project update 10,0
2026-04-02 14:32:23,eve,colleague27@partner-corp.com,send,Project update 30,379852
2026-04-02 09:40:51,oscar,colleague31@gmail.com,send,Project update 13,0
2026-04-02 09:06:54,eve,colleague47@partner-corp.com,send,Project update 21,0
2026-04-02 14:18:03,pat,colleague5@vendor.io,send,Project update 21,497509
2026-04-02 15:25:01,henry,colleague39@yahoo.com,send,Project update 2,0
2026-04-02 10:54:31,ivan,colleague47@vendor.io,send,Project update 26,0
2026-04-02 11:44:32,grace,colleague25@outlook.com,send,Project update 16,28597
2026-04-02 08:30:17,pat,colleague24@outlook.com,send,Project update 19,228449
2026-04-02 09:00:56,oscar,colleague15@client-abc.com,send,Project update 5,0
2026-04-02 10:23:55,bob,colleague28@outlook.com,send,Project update 23,0
2026-04-02 10:28:48,oscar,colleague2@vendor.io,send,Project update 23,134221
2026-04-02 10:49:45,mallory,colleague47@outlook.com,send,Project update 4,0
2026-04-02 12:57:20,oscar,colleague19@outlook.com,send,Project update 5,200556
2026-04-02 08:19:52,dave,colleague19@vendor.io,send,Project update 25,102571
2026-04-02 13:40:57,pat,colleague25@outlook.com,send,Project update 9,376240
2026-04-02 15:19:48,ivan,colleague44@outlook.com,send,Project update 26,422241
2026-04-02 15:16:38,bob,colleague28@gmail.com,send,Project update 4,419617
2026-04-02 11:00:04,ivan,colleague27@vendor.io,send,Project update 15,456073
2026-04-02 13:05:42,dave,colleague30@client-abc.com,send,Project update 10,0
2026-04-02 10:03:39,pat,colleague34@client-abc.com,send,Project update 23,0
2026-04-02 13:12:06,henry,colleague30@yahoo.com,send,Project update 17,0
2026-04-02 10:18:12,eve,colleague20@yahoo.com,send,Project update 11,0
2026-04-02 15:14:00,oscar,colleague19@yahoo.com,send,Project update 16,0
2026-04-02 08:08:09,pat,colleague22@yahoo.com,send,Project update 6,0
2026-04-02 15:20:23,henry,colleague20@gmail.com,send,Project update 10,0
2026-04-02 14:44:37,mallory,colleague21@client-abc.com,send,Project update 27,0
2026-04-02 11:03:43,bob,colleague17@yahoo.com,send,Project update 2,0
2026-04-02 15:42:44,mallory,colleague10@vendor.io,send,Project update 23,426862
2026-04-02 14:18:46,dave,colleague7@outlook.com,send,Project update 4,0
2026-04-02 14:41:38,alice,colleague6@yahoo.com,send,Project update 18,0
2026-04-02 08:11:09,henry,colleague44@client-abc.com,send,Project update 4,0
2026-04-02 12:34:59,grace,colleague17@partner-corp.com,send,Project update 27,447120
2026-04-02 09:07:14,carol,colleague2@vendor.io,send,Project update 22,0
2026-04-02 10:20:58,grace,colleague17@yahoo.com,send,Project update 22,0
2026-04-02 08:52:55,ivan,colleague30@gmail.com,send,Project update 27,0
2026-04-02 14:33:15,eve,colleague26@outlook.com,send,Project update 13,201017
2026-04-02 08:11:19,pat,colleague36@gmail.com,send,Project update 3,35792
2026-04-02 12:22:29,oscar,colleague42@outlook.com,send,Project update 14,0
2026-04-02 14:26:54,pat,colleague41@yahoo.com,send,Project update 18,408390
2026-04-02 13:25:43,bob,colleague27@outlook.com,send,Project update 14,0
2026-04-02 11:24:25,alice,colleague46@outlook.com,send,Project update 24,169582
2026-04-02 10:33:28,pat,colleague2@partner-corp.com,send,Project update 22,0
2026-04-02 12:01:30,bob,colleague49@outlook.com,send,Project update 21,269265
2026-04-02 09:39:40,ivan,colleague31@client-abc.com,send,Project update 13,395240
2026-04-02 14:55:52,pat,colleague29@outlook.com,send,Project update 5,0
2026-04-02 11:26:01,oscar,colleague38@client-abc.com,send,Project update 6,0
2026-04-02 13:43:57,eve,colleague13@partner-corp.com,send,Project update 22,0
2026-04-02 15:05:08,bob,colleague20@vendor.io,send,Project update 15,17409
2026-04-02 12:20:46,ivan,colleague27@outlook.com,send,Project update 3,0
2026-04-02 08:29:10,mallory,colleague25@yahoo.com,send,Project update 14,0
2026-04-02 12:26:48,pat,colleague21@outlook.com,send,Project update 1,156328
2026-04-02 11:55:21,bob,colleague11@partner-corp.com,send,Project update 23,282799
2026-04-02 13:49:33,pat,colleague33@client-abc.com,send,Project update 25,0
2026-04-02 09:00:16,oscar,colleague37@partner-corp.com,send,Project update 19,0
2026-04-02 08:53:27,eve,colleague2@outlook.com,send,Project update 3,0
2026-04-02 11:46:45,eve,colleague36@yahoo.com,send,Project update 24,0
2026-04-02 12:15:47,mallory,colleague15@client-abc.com,send,Project update 22,0
2026-04-02 08:45:24,dave,colleague20@gmail.com,send,Project update 13,0
2026-04-02 12:54:52,mallory,colleague19@gmail.com,send,Project update 27,0
2026-04-02 13:16:27,oscar,colleague38@vendor.io,send,Project update 21,0
2026-04-02 15:05:15,pat,colleague8@client-abc.com,send,Project update 2,0
2026-04-02 10:15:02,ivan,colleague28@partner-corp.com,send,Project update 3,0
2026-04-02 15:07:42,henry,colleague5@gmail.com,send,Project update 29,393368
2026-04-02 10:47:53,oscar,colleague20@client-abc.com,send,Project update 4,237690
2026-04-02 15:57:22,eve,colleague25@yahoo.com,send,Project update 5,0
2026-04-02 11:27:23,carol,colleague40@gmail.com,send,Project update 29,391394
2026-04-02 14:42:50,bob,colleague1@client-abc.com,send,Project update 17,66323
2026-04-02 14:02:05,pat,colleague16@vendor.io,send,Project update 14,0
2026-04-02 12:08:42,mallory,colleague30@yahoo.com,send,Project update 26,125884
2026-04-02 08:13:45,pat,colleague1@partner-corp.com,send,Project update 6,0
2026-04-02 08:48:55,carol,colleague49@vendor.io,send,Project update 20,0
2026-04-02 08:04:59,pat,colleague34@vendor.io,send,Project update 16,0
2026-04-02 14:54:08,grace,colleague6@partner-corp.com,send,Project update 27,0
2026-04-02 09:37:30,dave,colleague41@gmail.com,send,Project update 8,0
2026-04-02 13:07:25,mallory,colleague14@gmail.com,send,Project update 9,392297
2026-04-02 13:19:15,oscar,colleague40@yahoo.com,send,Project update 4,146102
2026-04-02 10:28:02,dave,colleague12@vendor.io,send,Project update 7,288251
2026-04-02 09:32:05,carol,colleague6@partner-corp.com,send,Project update 26,439215
2026-04-02 11:51:45,grace,colleague26@vendor.io,send,Project update 10,73149
2026-04-02 14:41:36,alice,colleague41@gmail.com,send,Project update 20,0
2026-04-02 12:36:35,henry,colleague21@gmail.com,send,Project update 5,0
2026-04-02 13:27:30,pat,colleague13@yahoo.com,send,Project update 1,319521
2026-04-02 10:51:29,mallory,colleague44@vendor.io,send,Project update 21,0
2026-04-02 11:41:19,ivan,colleague29@outlook.com,send,Project update 23,0
2026-04-02 10:58:02,carol,colleague35@vendor.io,send,Project update 16,0
2026-04-02 14:24:54,pat,colleague39@vendor.io,send,Project update 10,0
2026-04-02 14:52:13,ivan,colleague39@client-abc.com,send,Project update 6,0
2026-04-02 12:45:23,henry,colleague17@outlook.com,send,Project update 4,0
2026-04-02 13:09:16,henry,colleague31@vendor.io,send,Project update 29,0
2026-04-02 11:06:04,ivan,colleague49@yahoo.com,send,Project update 22,338645
2026-04-02 14:36:58,grace,colleague37@outlook.com,send,Project update 25,0
2026-04-02 09:06:52,ivan,colleague8@client-abc.com,send,Project update 15,0
2026-04-02 15:54:14,carol,colleague50@outlook.com,send,Project update 10,0
2026-04-02 09:11:10,carol,colleague20@vendor.io,send,Project update 29,0
2026-04-02 15:04:05,alice,colleague43@vendor.io,send,Project update 7,0
2026-04-02 11:36:46,oscar,colleague42@partner-corp.com,send,Project update 12,0
2026-04-02 09:35:24,mallory,colleague33@partner-corp.com,send,Project update 9,187886
2026-04-02 10:47:20,carol,colleague13@client-abc.com,send,Project update 15,84796
2026-04-02 13:52:08,henry,colleague12@client-abc.com,send,Project update 5,493867
2026-04-02 13:20:25,henry,colleague2@yahoo.com,send,Project update 12,384465
2026-04-02 10:53:15,dave,colleague28@client-abc.com,send,Project update 12,0
2026-04-02 12:23:37,dave,colleague8@client-abc.com,send,Project update 2,375071
2026-04-02 10:22:48,bob,colleague40@client-abc.com,send,Project update 22,0
2026-04-02 15:18:25,mallory,colleague41@vendor.io,send,Project update 18,0
2026-04-02 15:00:05,pat,colleague3@gmail.com,send,Project update 26,405948
2026-04-02 10:12:17,grace,colleague10@partner-corp.com,send,Project update 4,0
2026-04-02 14:59:34,alice,colleague18@partner-corp.com,send,Project update 25,196959
2026-04-02 11:18:51,carol,colleague8@client-abc.com,send,Project update 12,0
2026-04-02 11:28:56,dave,colleague30@gmail.com,send,Project update 28,241312
2026-04-02 14:10:09,oscar,colleague40@client-abc.com,send,Project update 16,301115
2026-04-02 13:37:16,mallory,colleague21@yahoo.com,send,Project update 28,0
2026-04-02 09:12:55,dave,colleague40@outlook.com,send,Project update 24,214632
2026-04-02 13:35:26,carol,colleague40@partner-corp.com,send,Project update 28,132755
2026-04-02 15:37:37,henry,colleague21@client-abc.com,send,Project update 28,399217
2026-04-02 10:13:35,grace,colleague7@client-abc.com,send,Project update 29,0
2026-04-02 15:48:33,pat,colleague29@vendor.io,send,Project update 13,353172
2026-04-02 14:09:43,ivan,colleague1@yahoo.com,send,Project update 21,446625
2026-04-02 13:05:18,carol,colleague5@yahoo.com,send,Project update 19,0
2026-04-02 08:03:42,carol,colleague34@vendor.io,send,Project update 14,0
2026-04-02 13:55:05,alice,colleague46@client-abc.com,send,Project update 24,0
2026-04-02 15:53:47,dave,colleague28@outlook.com,send,Project update 28,0
2026-04-02 11:16:07,eve,colleague44@client-abc.com,send,Project update 13,0
2026-04-02 14:40:45,oscar,colleague21@yahoo.com,send,Project update 4,154686
2026-04-02 10:23:39,henry,colleague15@outlook.com,send,Project update 5,0
2026-04-02 12:20:59,bob,colleague45@partner-corp.com,send,Project update 25,0
2026-04-02 14:11:33,oscar,colleague22@partner-corp.com,send,Project update 11,0
2026-04-02 10:26:21,henry,colleague32@vendor.io,send,Project update 26,300068
2026-04-02 09:56:29,henry,colleague1@vendor.io,send,Project update 12,171382
2026-04-02 14:09:24,alice,colleague17@vendor.io,send,Project update 23,184162
2026-04-02 11:28:30,ivan,colleague15@outlook.com,send,Project update 14,0
2026-04-02 11:34:42,oscar,colleague46@vendor.io,send,Project update 7,0
2026-04-02 10:56:04,oscar,colleague39@yahoo.com,send,Project update 1,105014
2026-04-02 14:41:46,ivan,colleague10@vendor.io,send,Project update 4,0
2026-04-02 10:06:57,grace,colleague10@partner-corp.com,send,Project update 17,135261
2026-04-02 14:54:37,alice,colleague15@gmail.com,send,Project update 1,0
2026-04-02 08:59:02,bob,colleague24@gmail.com,send,Project update 22,0
2026-04-02 11:32:30,bob,colleague20@partner-corp.com,send,Project update 9,0
2026-04-02 12:32:46,eve,colleague30@client-abc.com,send,Project update 12,0
2026-04-02 08:24:28,alice,colleague18@partner-corp.com,send,Project update 9,0
2026-04-02 11:09:45,bob,colleague20@yahoo.com,send,Project update 24,0
2026-04-02 11:06:26,oscar,colleague10@yahoo.com,send,Project update 21,437375
2026-04-02 12:03:48,bob,colleague5@gmail.com,send,Project update 4,488267
2026-04-02 09:22:44,pat,colleague7@gmail.com,send,Project update 5,0
2026-04-02 09:59:54,eve,colleague6@client-abc.com,send,Project update 2,227775
2026-04-02 14:01:00,bob,colleague17@client-abc.com,send,Project update 14,0
2026-04-02 11:41:58,oscar,colleague30@outlook.com,send,Project update 2,0
2026-04-02 09:54:34,alice,colleague28@client-abc.com,send,Project update 11,0
2026-04-02 11:19:22,alice,colleague38@client-abc.com,send,Project update 3,0
2026-04-02 09:42:53,alice,colleague23@partner-corp.com,send,Project update 28,0
2026-04-02 11:53:22,alice,colleague40@partner-corp.com,send,Project update 8,33287
2026-04-02 08:15:14,henry,colleague15@partner-corp.com,send,Project update 21,0
2026-04-02 11:49:19,dave,colleague44@outlook.com,send,Project update 27,0
2026-04-02 11:23:09,carol,colleague38@yahoo.com,send,Project update 6,423930
2026-04-02 11:18:57,dave,colleague15@vendor.io,send,Project update 14,0
2026-04-02 13:20:21,alice,colleague42@yahoo.com,send,Project update 6,0
2026-04-02 10:34:01,dave,colleague19@client-abc.com,send,Project update 18,0
2026-04-02 09:05:48,eve,colleague14@gmail.com,send,Project update 28,0
2026-04-02 15:02:06,grace,colleague49@outlook.com,send,Project update 29,0
2026-04-02 08:51:40,henry,colleague9@vendor.io,send,Project update 28,301754
2026-04-02 15:23:47,mallory,colleague2@yahoo.com,send,Project update 1,188017
2026-04-02 10:54:43,eve,colleague20@outlook.com,send,Project update 29,0
2026-04-02 08:09:03,grace,colleague37@yahoo.com,send,Project update 10,0
2026-04-02 10:34:28,mallory,colleague13@yahoo.com,send,Project update 21,176770
2026-04-02 12:39:25,ivan,colleague26@gmail.com,send,Project update 20,0
2026-04-02 10:12:03,eve,colleague49@vendor.io,send,Project update 9,319767
2026-04-02 15:56:14,alice,colleague40@client-abc.com,send,Project update 16,216776
2026-04-02 15:54:34,oscar,colleague20@outlook.com,send,Project update 12,170861
2026-04-02 11:13:31,ivan,colleague43@outlook.com,send,Project update 10,272798
2026-04-02 08:11:34,mallory,colleague23@partner-corp.com,send,Project update 25,0
2026-04-02 15:40:58,mallory,colleague19@partner-corp.com,send,Project update 11,0
2026-04-02 11:19:41,oscar,colleague20@client-abc.com,send,Project update 23,0
2026-04-02 11:25:59,mallory,colleague18@vendor.io,send,Project update 24,0
2026-04-02 11:34:44,alice,colleague24@outlook.com,send,Project update 13,229625
2026-04-02 12:30:53,bob,colleague6@partner-corp.com,send,Project update 22,0
2026-04-02 12:15:03,henry,colleague28@partner-corp.com,send,Project update 30,0
2026-04-02 11:00:53,eve,colleague12@outlook.com,send,Project update 8,0
2026-04-02 12:20:34,dave,colleague30@yahoo.com,send,Project update 8,0
2026-04-02 11:58:54,oscar,colleague29@client-abc.com,send,Project update 10,0
2026-04-02 09:24:26,mallory,colleague48@vendor.io,send,Project update 2,50999
2026-04-02 10:21:41,oscar,colleague5@client-abc.com,send,Project update 11,0
2026-04-02 11:03:46,mallory,colleague26@outlook.com,send,Project update 20,0
2026-04-02 13:35:33,oscar,colleague47@gmail.com,send,Project update 14,0
2026-04-02 08:53:27,alice,colleague27@yahoo.com,send,Project update 11,0
2026-04-02 08:55:55,ivan,colleague23@vendor.io,send,Project update 19,0
2026-04-02 15:21:54,bob,colleague34@yahoo.com,send,Project update 20,0
2026-04-02 15:56:59,dave,colleague22@client-abc.com,send,Project update 27,480234
2026-04-02 08:50:43,grace,colleague34@outlook.com,send,Project update 27,0
2026-04-02 14:32:22,carol,colleague30@client-abc.com,send,Project update 27,243601
2026-04-02 15:44:09,oscar,colleague5@outlook.com,send,Project update 15,0
2026-04-02 15:02:33,grace,colleague47@vendor.io,send,Project update 28,467622
2026-04-02 10:39:16,bob,colleague36@gmail.com,send,Project update 18,353493
2026-04-02 13:16:47,ivan,colleague33@client-abc.com,send,Project update 15,443843
2026-04-02 15:16:04,alice,colleague23@vendor.io,send,Project update 28,91697
2026-04-02 12:20:00,oscar,colleague16@partner-corp.com,send,Project update 10,0
2026-04-02 08:44:37,bob,colleague39@partner-corp.com,send,Project update 11,0
2026-04-02 10:25:27,eve,colleague47@yahoo.com,send,Project update 21,0
2026-04-02 10:14:41,alice,colleague35@partner-corp.com,send,Project update 24,0
2026-04-02 09:57:42,oscar,colleague43@vendor.io,send,Project update 15,498235
2026-04-02 08:23:30,grace,colleague12@yahoo.com,send,Project update 18,0
2026-04-02 10:54:20,eve,colleague27@outlook.com,send,Project update 19,0
2026-04-02 09:43:55,bob,colleague32@gmail.com,send,Project update 12,0
2026-04-02 09:10:01,grace,colleague37@client-abc.com,send,Project update 21,0
2026-04-02 11:11:38,oscar,colleague13@partner-corp.com,send,Project update 16,64638
2026-04-02 14:24:51,bob,colleague5@gmail.com,send,Project update 13,0
2026-04-02 15:54:23,grace,colleague35@partner-corp.com,send,Project update 10,0
2026-04-02 11:33:21,alice,colleague1@outlook.com,send,Project update 30,405306
2026-04-02 08:46:05,alice,colleague10@yahoo.com,send,Project update 6,394669
2026-04-02 11:27:00,alice,colleague30@yahoo.com,send,Project update 21,0
2026-04-02 08:10:55,ivan,colleague22@vendor.io,send,Project update 9,33227
2026-04-02 11:46:11,carol,colleague43@partner-corp.com,send,Project update 5,0
2026-04-02 08:02:16,dave,colleague26@outlook.com,send,Project update 18,0
2026-04-02 12:40:56,ivan,colleague38@vendor.io,send,Project update 1,0
2026-04-02 13:50:17,ivan,colleague27@yahoo.com,send,Project update 28,0
2026-04-02 10:38:40,henry,colleague11@outlook.com,send,Project update 20,0
2026-04-02 08:18:24,oscar,colleague39@client-abc.com,send,Project update 8,0
2026-04-02 15:15:09,dave,colleague29@yahoo.com,send,Project update 22,0
2026-04-02 13:33:33,carol,colleague1@outlook.com,send,Project update 25,0
2026-04-02 11:46:41,bob,colleague46@vendor.io,send,Project update 5,0
2026-04-02 10:34:04,bob,colleague42@yahoo.com,send,Project update 9,403127
2026-04-02 10:47:06,oscar,colleague10@gmail.com,send,Project update 20,145499
2026-04-02 14:51:23,henry,colleague48@outlook.com,send,Project update 20,0
2026-04-02 13:33:56,henry,colleague22@outlook.com,send,Project update 7,0
2026-04-02 11:00:56,oscar,colleague47@partner-corp.com,send,Project update 6,0
2026-04-02 11:41:27,ivan,colleague44@vendor.io,send,Project update 15,0
2026-04-02 08:35:25,mallory,colleague8@yahoo.com,send,Project update 29,408734
2026-04-02 12:48:44,grace,colleague36@yahoo.com,send,Project update 29,0
2026-04-02 14:00:36,alice,colleague14@outlook.com,send,Project update 5,0
2026-04-02 11:05:04,pat,colleague30@vendor.io,send,Project update 30,0
2026-04-02 15:23:39,bob,colleague37@outlook.com,send,Project update 15,433572
2026-04-02 15:51:59,grace,colleague1@outlook.com,send,Project update 25,0
2026-04-02 15:09:51,henry,colleague24@outlook.com,send,Project update 13,0
2026-04-02 11:09:27,bob,colleague20@gmail.com,send,Project update 8,0
2026-04-02 13:54:49,ivan,colleague47@vendor.io,send,Project update 2,0
2026-04-02 10:37:47,bob,colleague30@yahoo.com,send,Project update 7,91706
2026-04-02 14:04:41,mallory,colleague9@partner-corp.com,send,Project update 19,0
2026-04-02 08:58:23,oscar,colleague33@gmail.com,send,Project update 18,0
2026-04-02 09:31:03,alice,colleague3@gmail.com,send,Project update 10,0
2026-04-02 09:38:54,ivan,colleague18@yahoo.com,send,Project update 28,356165
2026-04-02 15:19:31,grace,colleague4@outlook.com,send,Project update 13,443318
2026-04-02 13:41:43,dave,colleague2@gmail.com,send,Project update 11,396315
2026-04-02 14:58:30,henry,colleague23@partner-corp.com,send,Project update 17,0
2026-04-02 15:50:51,eve,colleague1@outlook.com,send,Project update 21,0
2026-04-02 11:21:05,mallory,colleague21@gmail.com,send,Project update 25,0
2026-04-02 09:04:22,mallory,colleague20@vendor.io,send,Project update 26,0
2026-04-02 08:22:08,mallory,colleague40@gmail.com,send,Project update 4,135853
2026-04-02 15:47:01,bob,colleague7@yahoo.com,send,Project update 19,477410
2026-04-02 15:54:49,eve,colleague14@client-abc.com,send,Project update 7,396725
2026-04-02 14:02:09,dave,colleague38@client-abc.com,send,Project update 20,0
2026-04-02 14:36:24,ivan,colleague45@outlook.com,send,Project update 27,0
2026-04-02 13:25:14,mallory,colleague29@gmail.com,send,Project update 13,207592
2026-04-02 08:04:00,ivan,colleague2@partner-corp.com,send,Project update 30,0
2026-04-02 14:22:58,pat,colleague4@yahoo.com,send,Project update 27,0
2026-04-02 11:10:07,bob,colleague44@vendor.io,send,Project update 12,391693
2026-04-02 08:00:02,oscar,colleague15@yahoo.com,send,Project update 6,0
2026-04-02 11:26:55,eve,colleague27@partner-corp.com,send,Project update 15,351672
2026-04-02 14:59:10,henry,colleague14@vendor.io,send,Project update 30,0
2026-04-02 14:24:17,dave,colleague23@yahoo.com,send,Project update 11,0
2026-04-02 09:44:23,oscar,colleague18@gmail.com,send,Project update 9,0
2026-04-02 10:43:51,bob,colleague26@partner-corp.com,send,Project update 14,175506
2026-04-02 08:09:21,alice,colleague23@partner-corp.com,send,Project update 17,143225
2026-04-02 14:39:56,eve,colleague3@outlook.com,send,Project update 28,0
2026-04-02 13:09:19,mallory,colleague28@client-abc.com,send,Project update 14,0
2026-04-02 11:02:27,pat,colleague41@vendor.io,send,Project update 26,467673
2026-04-02 09:25:35,henry,colleague20@gmail.com,send,Project update 29,0
2026-04-02 12:51:53,ivan,colleague35@partner-corp.com,send,Project update 6,0
2026-04-02 10:10:07,oscar,colleague4@client-abc.com,send,Project update 21,0
2026-04-02 10:50:35,bob,colleague23@gmail.com,send,Project update 25,0
2026-04-02 11:41:28,carol,colleague22@vendor.io,send,Project update 11,0
2026-04-02 09:37:24,carol,colleague22@partner-corp.com,send,Project update 28,0
2026-04-02 13:26:06,henry,colleague34@gmail.com,send,Project update 28,0
2026-04-02 10:12:49,oscar,colleague11@gmail.com,send,Project update 13,0
2026-04-02 14:25:57,ivan,colleague39@gmail.com,send,Project update 24,0
2026-04-02 15:18:18,pat,colleague37@gmail.com,send,Project update 20,0
2026-04-02 13:50:59,mallory,colleague5@yahoo.com,send,Project update 25,93393
2026-04-02 14:09:27,alice,colleague5@partner-corp.com,send,Project update 15,203049
2026-04-02 11:52:57,alice,colleague50@outlook.com,send,Project update 2,0
2026-04-02 14:59:26,mallory,colleague17@outlook.com,send,Project update 7,0
2026-04-02 09:22:38,henry,colleague36@outlook.com,send,Project update 7,497238
2026-04-02 11:59:03,pat,colleague42@yahoo.com,send,Project update 15,458726
2026-04-02 14:43:19,bob,colleague37@vendor.io,send,Project update 24,0
2026-04-02 10:34:32,bob,colleague43@gmail.com,send,Project update 11,0
2026-04-02 11:48:59,pat,colleague42@vendor.io,send,Project update 8,273633
2026-04-02 10:34:30,eve,colleague47@gmail.com,send,Project update 21,0
2026-04-02 14:42:21,henry,colleague32@yahoo.com,send,Project update 28,0
2026-04-02 10:11:42,pat,colleague14@outlook.com,send,Project update 1,0
2026-04-02 08:44:52,henry,colleague47@vendor.io,send,Project update 24,0
2026-04-02 09:27:05,mallory,colleague19@client-abc.com,send,Project update 17,0
2026-04-02 11:34:27,henry,colleague47@outlook.com,send,Project update 29,333587
2026-04-02 08:37:43,pat,colleague42@yahoo.com,send,Project update 18,0
2026-04-02 15:59:19,grace,colleague42@client-abc.com,send,Project update 16,0
2026-04-02 11:15:02,bob,colleague16@gmail.com,send,Project update 19,161817
2026-04-02 11:06:55,dave,colleague16@partner-corp.com,send,Project update 19,148210
2026-04-02 12:36:46,grace,colleague36@partner-corp.com,send,Project update 8,0
2026-04-02 13:58:08,carol,colleague28@client-abc.com,send,Project update 28,0
2026-04-02 15:06:31,ivan,colleague39@vendor.io,send,Project update 30,305100
2026-04-02 10:36:03,henry,colleague17@outlook.com,send,Project update 26,0
2026-04-02 09:36:25,alice,colleague19@outlook.com,send,Project update 17,0
2026-04-02 12:40:21,pat,colleague38@client-abc.com,send,Project update 19,0
2026-04-02 09:46:03,eve,colleague7@gmail.com,send,Project update 17,0
2026-04-02 11:03:50,grace,colleague14@yahoo.com,send,Project update 28,316730
2026-04-02 15:47:13,pat,colleague28@yahoo.com,send,Project update 30,0
2026-04-02 11:52:29,oscar,colleague23@client-abc.com,send,Project update 27,0
2026-04-02 08:31:12,carol,colleague46@partner-corp.com,send,Project update 4,326052
2026-04-02 10:57:51,carol,colleague31@yahoo.com,send,Project update 29,0
2026-04-02 08:32:06,dave,colleague17@yahoo.com,send,Project update 8,297810
2026-04-02 15:15:30,alice,colleague3@partner-corp.com,send,Project update 28,135577
2026-04-02 15:06:37,ivan,colleague47@outlook.com,send,Project update 19,113638
2026-04-02 11:03:20,mallory,colleague43@gmail.com,send,Project update 16,452427
2026-04-02 11:00:39,dave,colleague39@gmail.com,send,Project update 29,0
2026-04-02 08:50:15,mallory,colleague27@yahoo.com,send,Project update 16,0
2026-04-02 15:24:28,mallory,colleague40@vendor.io,send,Project update 6,0
2026-04-02 15:04:48,bob,colleague44@partner-corp.com,send,Project update 11,27563
2026-04-02 12:36:24,eve,colleague33@client-abc.com,send,Project update 21,429409
2026-04-02 11:41:21,carol,colleague14@client-abc.com,send,Project update 5,0
2026-04-02 13:13:11,pat,colleague47@vendor.io,send,Project update 6,0
2026-04-02 08:32:42,ivan,colleague50@partner-corp.com,send,Project update 17,0
2026-04-02 08:10:57,henry,colleague9@partner-corp.com,send,Project update 5,0
2026-04-02 14:11:30,oscar,colleague39@partner-corp.com,send,Project update 18,0
2026-04-02 15:21:54,oscar,colleague25@yahoo.com,send,Project update 22,0
2026-04-02 14:15:13,alice,colleague3@gmail.com,send,Project update 7,0
2026-04-02 12:34:50,bob,colleague11@partner-corp.com,send,Project update 28,0
2026-04-02 14:39:22,dave,colleague33@vendor.io,send,Project update 2,304601
2026-04-02 13:23:31,grace,colleague32@client-abc.com,send,Project update 8,0
2026-04-02 09:39:38,dave,colleague50@partner-corp.com,send,Project update 17,0
2026-04-02 08:11:27,mallory,colleague33@vendor.io,send,Project update 17,0
2026-04-02 10:43:34,ivan,colleague24@partner-corp.com,send,Project update 15,0
2026-04-02 12:25:04,alice,colleague22@partner-corp.com,send,Project update 30,0
2026-04-02 09:42:50,henry,colleague20@partner-corp.com,send,Project update 13,115735
2026-04-02 13:39:08,ivan,colleague48@yahoo.com,send,Project update 2,0
2026-04-02 13:33:03,henry,colleague20@outlook.com,send,Project update 10,0
2026-04-02 14:33:27,ivan,colleague12@client-abc.com,send,Project update 18,0
2026-04-02 14:54:28,dave,colleague43@yahoo.com,send,Project update 21,0
2026-04-02 12:31:40,grace,colleague49@gmail.com,send,Project update 30,0
2026-04-02 13:31:49,ivan,colleague20@gmail.com,send,Project update 13,0
2026-04-02 08:50:34,pat,colleague33@yahoo.com,send,Project update 7,0
2026-04-02 14:42:08,alice,colleague29@client-abc.com,send,Project update 30,51483
2026-04-02 14:04:18,ivan,colleague15@vendor.io,send,Project update 27,0
2026-04-02 11:37:32,grace,colleague37@gmail.com,send,Project update 6,0
2026-04-02 08:44:17,carol,colleague6@gmail.com,send,Project update 17,0
2026-04-02 15:01:16,henry,colleague13@gmail.com,send,Project update 16,235889
2026-04-02 10:25:38,grace,colleague3@vendor.io,send,Project update 21,53916
2026-04-02 14:09:49,eve,colleague7@partner-corp.com,send,Project update 13,0
2026-04-02 15:17:15,carol,colleague15@yahoo.com,send,Project update 21,0
2026-04-02 08:12:15,eve,colleague10@gmail.com,send,Project update 18,0
2026-04-02 12:44:51,mallory,colleague10@partner-corp.com,send,Project update 30,0
2026-04-02 14:04:44,pat,colleague17@gmail.com,send,Project update 5,0
2026-04-02 11:04:06,oscar,colleague50@client-abc.com,send,Project update 24,0
2026-04-02 12:51:34,alice,colleague14@outlook.com,send,Project update 3,485016
2026-04-02 10:52:38,ivan,colleague43@yahoo.com,send,Project update 20,0
2026-04-02 13:36:02,bob,colleague30@yahoo.com,send,Project update 9,0
2026-04-02 09:26:32,mallory,colleague29@gmail.com,send,Project update 26,208023
2026-04-02 12:07:55,bob,colleague32@gmail.com,send,Project update 13,491360
2026-04-02 13:42:48,henry,colleague3@yahoo.com,send,Project update 15,169542
2026-04-02 10:42:49,ivan,colleague7@yahoo.com,send,Project update 22,0
2026-04-02 13:08:52,mallory,colleague43@vendor.io,send,Project update 4,178366
2026-04-02 09:00:18,grace,colleague46@partner-corp.com,send,Project update 5,0
2026-04-02 13:26:09,oscar,colleague40@vendor.io,send,Project update 14,0
2026-04-02 11:23:37,grace,colleague46@vendor.io,send,Project update 12,245301
2026-04-02 11:58:14,henry,colleague18@gmail.com,send,Project update 20,0
2026-04-02 08:41:57,pat,colleague27@outlook.com,send,Project update 26,171587
2026-04-02 13:01:40,mallory,colleague42@gmail.com,send,Project update 26,206028
2026-04-02 09:27:21,bob,colleague36@vendor.io,send,Project update 28,0
2026-04-02 15:02:45,alice,colleague4@gmail.com,send,Project update 13,0
2026-04-02 09:36:15,bob,colleague8@outlook.com,send,Project update 26,202232
2026-04-02 11:55:34,mallory,colleague40@gmail.com,send,Project update 15,415677
2026-04-02 08:50:52,alice,colleague6@yahoo.com,send,Project update 5,0
2026-04-02 14:27:55,mallory,colleague44@vendor.io,send,Project update 21,0
2026-04-02 15:27:14,carol,colleague2@vendor.io,send,Project update 11,333492
2026-04-02 08:07:34,bob,colleague42@vendor.io,send,Project update 6,0
2026-04-02 13:13:25,alice,colleague49@yahoo.com,send,Project update 4,401872
2026-04-02 14:16:13,bob,colleague24@vendor.io,send,Project update 4,0
2026-04-02 13:34:04,dave,colleague27@client-abc.com,send,Project update 9,237981
2026-04-02 09:52:18,oscar,colleague12@outlook.com,send,Project update 2,0
2026-04-02 15:05:04,bob,colleague31@gmail.com,send,Project update 15,147675
2026-04-02 12:05:33,ivan,colleague33@yahoo.com,send,Project update 5,0
2026-04-02 13:27:23,bob,colleague2@outlook.com,send,Project update 4,262403
2026-04-02 08:47:41,carol,colleague45@client-abc.com,send,Project update 8,0
2026-04-02 13:08:20,oscar,colleague26@partner-corp.com,send,Project update 19,344524
2026-04-02 09:56:15,bob,colleague9@partner-corp.com,send,Project update 10,0
2026-04-02 10:58:41,bob,colleague11@vendor.io,send,Project update 12,428637
2026-04-02 09:45:14,dave,colleague27@yahoo.com,send,Project update 2,0
2026-04-02 10:12:12,dave,colleague11@gmail.com,send,Project update 8,0
2026-04-02 12:44:24,grace,colleague30@vendor.io,send,Project update 16,0
2026-04-02 15:47:30,carol,colleague37@yahoo.com,send,Project update 19,34261
2026-04-02 08:42:36,alice,colleague4@outlook.com,send,Project update 29,0
2026-04-02 15:17:23,mallory,colleague44@client-abc.com,send,Project update 20,30815
2026-04-02 09:57:34,pat,colleague47@outlook.com,send,Project update 30,0
2026-04-02 08:34:40,henry,colleague8@gmail.com,send,Project update 1,0
2026-04-02 13:17:32,eve,colleague27@gmail.com,send,Project update 28,0
2026-04-02 09:42:13,oscar,colleague36@client-abc.com,send,Project update 22,238923
2026-04-02 08:40:43,carol,colleague11@gmail.com,send,Project update 9,0
2026-04-02 10:20:13,dave,colleague48@gmail.com,send,Project update 5,488278
2026-04-02 08:27:04,bob,colleague33@vendor.io,send,Project update 8,29254
2026-04-02 10:10:02,grace,colleague20@yahoo.com,send,Project update 5,0
2026-04-02 09:32:12,henry,colleague24@outlook.com,send,Project update 13,395815
2026-04-02 12:44:14,ivan,colleague20@gmail.com,send,Project update 5,379722
2026-04-02 15:43:58,pat,colleague27@partner-corp.com,send,Project update 30,0
2026-04-02 11:26:02,oscar,colleague27@client-abc.com,send,Project update 30,125679
2026-04-02 09:42:26,dave,colleague28@yahoo.com,send,Project update 26,371940
2026-04-02 13:41:48,grace,colleague48@outlook.com,send,Project update 23,0
2026-04-02 10:45:36,mallory,colleague13@gmail.com,send,Project update 12,0
2026-04-02 10:38:50,alice,colleague7@yahoo.com,send,Project update 15,207732
2026-04-02 15:12:40,grace,colleague29@outlook.com,send,Project update 18,0
2026-04-02 09:21:16,henry,colleague31@vendor.io,send,Project update 7,199054
2026-04-02 10:34:07,grace,colleague44@yahoo.com,send,Project update 7,0
2026-04-02 12:16:19,oscar,colleague22@outlook.com,send,Project update 1,122334
2026-04-02 15:18:15,oscar,colleague1@client-abc.com,send,Project update 24,0
2026-04-02 15:52:01,grace,colleague43@vendor.io,send,Project update 7,0
2026-04-02 15:51:25,grace,colleague48@client-abc.com,send,Project update 1,0
2026-04-02 14:23:14,henry,colleague35@client-abc.com,send,Project update 22,388127
2026-04-02 08:59:28,pat,colleague7@partner-corp.com,send,Project update 26,488560
2026-04-02 14:08:53,pat,colleague11@gmail.com,send,Project update 4,0
2026-04-02 13:07:37,henry,colleague3@client-abc.com,send,Project update 19,0
2026-04-02 15:00:35,henry,colleague36@outlook.com,send,Project update 7,0
2026-04-02 08:17:01,ivan,colleague31@outlook.com,send,Project update 4,0
2026-04-02 13:42:18,dave,colleague28@outlook.com,send,Project update 30,0
2026-04-02 13:29:47,grace,colleague32@vendor.io,send,Project update 28,0
2026-04-02 14:33:41,bob,colleague17@yahoo.com,send,Project update 22,0
2026-04-02 11:26:55,oscar,colleague12@yahoo.com,send,Project update 27,0
2026-04-02 13:25:10,oscar,colleague6@partner-corp.com,send,Project update 19,0
2026-04-02 14:06:52,carol,colleague49@partner-corp.com,send,Project update 22,0
2026-04-02 08:38:17,grace,colleague23@vendor.io,send,Project update 28,186107
2026-04-02 08:08:08,bob,colleague12@outlook.com,send,Project update 12,347656
2026-04-02 11:04:12,oscar,colleague33@vendor.io,send,Project update 22,0
2026-04-02 14:48:48,ivan,colleague6@outlook.com,send,Project update 27,0
2026-04-02 14:51:11,bob,colleague4@vendor.io,send,Project update 27,312385
2026-04-02 14:44:24,henry,colleague23@yahoo.com,send,Project update 10,0
2026-04-02 10:24:49,bob,colleague5@gmail.com,send,Project update 20,0
2026-04-02 08:27:49,oscar,colleague36@client-abc.com,send,Project update 28,489875
2026-04-02 13:57:06,mallory,colleague28@yahoo.com,send,Project update 29,252659
2026-04-02 15:01:12,mallory,colleague1@client-abc.com,send,Project update 13,0
2026-04-02 08:16:24,pat,colleague50@outlook.com,send,Project update 7,86269
2026-04-02 14:32:43,bob,colleague18@outlook.com,send,Project update 1,495581
2026-04-02 10:17:01,carol,colleague39@yahoo.com,send,Project update 24,0
2026-04-02 08:56:48,pat,colleague38@client-abc.com,send,Project update 23,120352
2026-04-02 13:53:53,pat,colleague39@gmail.com,send,Project update 12,0
2026-04-02 15:02:40,eve,colleague7@outlook.com,send,Project update 1,0
2026-04-02 13:28:22,dave,colleague29@outlook.com,send,Project update 8,0
2026-04-02 08:59:27,ivan,colleague39@vendor.io,send,Project update 21,269489
2026-04-02 11:42:12,eve,colleague21@vendor.io,send,Project update 9,0
2026-04-02 13:02:50,bob,colleague43@vendor.io,send,Project update 3,0
2026-04-02 09:25:02,pat,colleague7@outlook.com,send,Project update 2,367900
2026-04-02 12:39:06,alice,colleague1@client-abc.com,send,Project update 9,0
2026-04-02 13:45:23,dave,colleague39@partner-corp.com,send,Project update 16,0
2026-04-02 08:36:07,grace,colleague30@client-abc.com,send,Project update 3,0
2026-04-02 14:08:17,mallory,colleague11@client-abc.com,send,Project update 24,0
2026-04-02 08:00:05,bob,colleague2@vendor.io,send,Project update 5,107754
2026-04-02 10:54:15,eve,colleague16@outlook.com,send,Project update 6,0
2026-04-02 15:14:55,pat,colleague9@outlook.com,send,Project update 15,0
2026-04-02 11:02:31,carol,colleague23@yahoo.com,send,Project update 30,0
2026-04-02 12:01:59,henry,colleague13@client-abc.com,send,Project update 14,460198
2026-04-02 15:26:02,grace,colleague47@vendor.io,send,Project update 15,106755
2026-04-02 11:54:08,eve,colleague43@gmail.com,send,Project update 10,310754
2026-04-02 13:13:16,dave,colleague30@yahoo.com,send,Project update 29,0
2026-04-02 12:06:40,henry,colleague17@outlook.com,send,Project update 19,0
2026-04-02 08:08:38,pat,colleague34@yahoo.com,send,Project update 17,358643
2026-04-02 15:05:01,bob,colleague20@vendor.io,send,Project update 12,0
2026-04-02 11:24:13,ivan,colleague47@partner-corp.com,send,Project update 18,0
2026-04-02 10:34:47,alice,colleague33@client-abc.com,send,Project update 18,0
2026-04-02 15:13:13,ivan,colleague45@gmail.com,send,Project update 18,448970
2026-04-02 15:07:16,eve,colleague14@vendor.io,send,Project update 9,176226
2026-04-02 10:31:55,bob,colleague36@outlook.com,send,Project update 17,37920
2026-04-02 10:30:19,bob,colleague41@vendor.io,send,Project update 10,0
2026-04-02 14:10:59,ivan,colleague9@outlook.com,send,Project update 20,0
2026-04-02 13:05:58,henry,colleague17@client-abc.com,send,Project update 18,456592
2026-04-02 08:42:23,dave,colleague1@client-abc.com,send,Project update 19,0
2026-04-02 14:00:58,dave,colleague50@yahoo.com,send,Project update 8,0
2026-04-02 11:07:54,carol,colleague50@partner-corp.com,send,Project update 11,113922
2026-04-02 08:15:00,alice,colleague10@vendor.io,send,Project update 29,0
2026-04-02 14:19:49,eve,colleague40@gmail.com,send,Project update 14,423341
2026-04-02 10:30:14,pat,colleague34@yahoo.com,send,Project update 14,0
2026-04-02 15:26:42,eve,colleague22@client-abc.com,send,Project update 1,0
2026-04-02 12:55:45,pat,colleague48@outlook.com,send,Project update 22,0
2026-04-02 09:30:26,dave,colleague1@partner-corp.com,send,Project update 6,0
2026-04-02 12:50:19,ivan,colleague17@vendor.io,send,Project update 20,197204
2026-04-02 11:29:12,grace,colleague30@partner-corp.com,send,Project update 17,0
2026-04-02 09:20:43,ivan,colleague12@outlook.com,send,Project update 10,0
2026-04-02 10:36:40,ivan,colleague33@vendor.io,send,Project update 19,0
2026-04-02 15:14:32,henry,colleague15@partner-corp.com,send,Project update 21,22032
2026-04-02 09:56:34,mallory,colleague4@outlook.com,send,Project update 4,358436
2026-04-02 11:44:17,dave,colleague3@client-abc.com,send,Project update 30,0
2026-04-02 09:11:33,pat,colleague19@outlook.com,send,Project update 27,0
2026-04-02 15:28:19,pat,colleague44@outlook.com,send,Project update 21,0
2026-04-02 14:44:58,grace,colleague27@client-abc.com,send,Project update 13,0
2026-04-02 14:57:23,alice,colleague8@yahoo.com,send,Project update 10,38615
2026-04-02 11:48:39,grace,colleague30@outlook.com,send,Project update 12,0
2026-04-02 12:17:53,dave,colleague12@vendor.io,send,Project update 21,0
2026-04-02 14:19:35,ivan,colleague44@yahoo.com,send,Project update 9,0
2026-04-02 12:56:48,henry,colleague47@outlook.com,send,Project update 7,0
2026-04-02 10:15:42,ivan,colleague43@outlook.com,send,Project update 18,82202
2026-04-02 10:03:38,mallory,colleague1@gmail.com,send,Project update 16,0
2026-04-02 09:13:04,pat,colleague47@yahoo.com,send,Project update 1,61171
2026-04-02 14:55:14,alice,colleague3@vendor.io,send,Project update 1,494822
2026-04-02 15:09:54,eve,colleague21@outlook.com,send,Project update 30,0
2026-04-02 15:09:34,oscar,colleague9@yahoo.com,send,Project update 16,0
2026-04-02 15:46:54,ivan,colleague37@vendor.io,send,Project update 23,275644
2026-04-02 11:09:50,alice,colleague33@gmail.com,send,Project update 2,366459
2026-04-02 14:53:16,oscar,colleague15@vendor.io,send,Project update 5,0
2026-04-02 10:11:54,dave,colleague42@vendor.io,send,Project update 23,0
2026-04-02 14:54:43,oscar,colleague24@yahoo.com,send,Project update 4,138769
2026-04-02 13:31:47,ivan,colleague18@gmail.com,send,Project update 13,0
2026-04-02 08:04:08,oscar,colleague13@gmail.com,send,Project update 3,0
2026-04-02 15:02:01,carol,colleague28@outlook.com,send,Project update 6,0
2026-04-02 11:39:55,carol,colleague27@vendor.io,send,Project update 28,0
2026-04-02 10:19:19,dave,colleague47@vendor.io,send,Project update 16,286558
2026-04-02 09:02:21,henry,colleague9@client-abc.com,send,Project update 18,0
2026-04-02 10:43:09,ivan,colleague31@outlook.com,send,Project update 19,0
2026-04-02 09:03:21,dave,colleague25@outlook.com,send,Project update 7,0
2026-04-02 14:16:53,carol,colleague36@partner-corp.com,send,Project update 5,0
2026-04-02 15:22:32,oscar,colleague48@client-abc.com,send,Project update 5,0
2026-04-02 15:15:50,dave,colleague39@partner-corp.com,send,Project update 24,0
2026-04-02 11:38:31,mallory,colleague24@vendor.io,send,Project update 5,469721
2026-04-02 11:22:33,ivan,colleague18@outlook.com,send,Project update 13,393436
2026-04-02 12:33:19,oscar,colleague40@outlook.com,send,Project update 4,0
2026-04-02 14:52:20,bob,colleague36@gmail.com,send,Project update 16,0
2026-04-02 12:37:05,ivan,colleague49@vendor.io,send,Project update 10,176741
2026-04-02 10:32:15,bob,colleague24@gmail.com,send,Project update 25,0
2026-04-02 14:27:43,henry,colleague7@client-abc.com,send,Project update 20,0
2026-04-02 12:37:51,dave,colleague32@gmail.com,send,Project update 15,0
2026-04-02 08:20:09,mallory,colleague9@vendor.io,send,Project update 1,151492
2026-04-02 14:13:19,grace,colleague20@partner-corp.com,send,Project update 26,0
2026-04-02 08:15:58,mallory,colleague34@vendor.io,send,Project update 1,336463
2026-04-02 09:41:03,carol,colleague16@vendor.io,send,Project update 11,0
2026-04-02 09:32:44,bob,colleague27@partner-corp.com,send,Project update 24,0
2026-04-02 08:01:18,ivan,colleague16@vendor.io,send,Project update 10,481781
2026-04-02 08:14:25,eve,colleague36@vendor.io,send,Project update 13,0
2026-04-02 15:08:57,grace,colleague21@yahoo.com,send,Project update 17,389888
2026-04-02 15:14:59,mallory,colleague43@client-abc.com,send,Project update 26,0
2026-04-02 14:01:41,carol,colleague25@outlook.com,send,Project update 12,14406
2026-04-02 15:57:19,carol,colleague21@client-abc.com,send,Project update 17,246529
2026-04-02 11:39:29,ivan,colleague30@partner-corp.com,send,Project update 30,0
2026-04-02 10:08:41,ivan,colleague46@client-abc.com,send,Project update 20,58978
2026-04-02 14:07:22,bob,colleague19@partner-corp.com,send,Project update 10,0
2026-04-02 15:44:21,ivan,colleague19@outlook.com,send,Project update 9,371207
2026-04-02 11:13:56,carol,colleague13@gmail.com,send,Project update 6,0
2026-04-02 09:05:47,bob,colleague13@vendor.io,send,Project update 9,0
2026-04-02 12:04:51,carol,colleague14@client-abc.com,send,Project update 10,16456
2026-04-02 13:22:51,alice,colleague49@gmail.com,send,Project update 1,0
2026-04-02 10:24:51,pat,colleague28@outlook.com,send,Project update 1,0
2026-04-02 14:34:23,pat,colleague14@client-abc.com,send,Project update 2,0
2026-04-02 15:20:44,henry,colleague8@outlook.com,send,Project update 30,0
2026-04-02 08:44:34,carol,colleague7@vendor.io,send,Project update 3,0
2026-04-02 08:27:24,oscar,colleague9@outlook.com,send,Project update 13,292374
2026-04-02 14:04:38,oscar,colleague32@vendor.io,send,Project update 21,0
2026-04-02 15:43:27,pat,colleague14@outlook.com,send,Project update 18,0
2026-04-02 08:54:44,oscar,colleague32@gmail.com,send,Project update 24,401338
2026-04-02 15:46:45,bob,colleague8@vendor.io,send,Project update 18,237085
2026-04-02 09:59:25,grace,colleague40@gmail.com,send,Project update 8,87311
2026-04-02 14:28:34,pat,colleague14@gmail.com,send,Project update 15,0
2026-04-02 13:06:04,carol,colleague31@yahoo.com,send,Project update 8,368509
2026-04-02 15:08:37,mallory,colleague46@vendor.io,send,Project update 16,226892
2026-04-02 14:29:00,dave,colleague47@vendor.io,send,Project update 18,285106
2026-04-02 09:21:09,mallory,colleague14@vendor.io,send,Project update 29,0
2026-04-02 12:30:12,ivan,colleague31@partner-corp.com,send,Project update 30,235738
2026-04-02 15:11:09,eve,colleague39@outlook.com,send,Project update 6,0
2026-04-02 09:18:57,oscar,colleague38@yahoo.com,send,Project update 2,0
2026-04-02 10:48:19,pat,colleague31@outlook.com,send,Project update 11,340297
2026-04-02 12:34:58,henry,colleague2@partner-corp.com,send,Project update 1,0
2026-04-02 08:12:30,henry,colleague4@partner-corp.com,send,Project update 4,463057
2026-04-02 09:59:01,alice,colleague37@client-abc.com,send,Project update 4,0
2026-04-02 10:55:20,alice,colleague35@partner-corp.com,send,Project update 11,388107
2026-04-02 11:35:36,alice,colleague36@partner-corp.com,send,Project update 20,0
2026-04-02 15:22:29,henry,colleague28@yahoo.com,send,Project update 18,0
2026-04-02 09:41:47,carol,colleague4@client-abc.com,send,Project update 13,259675
2026-04-02 13:11:12,carol,colleague44@client-abc.com,send,Project update 10,0
2026-04-02 11:07:56,pat,colleague27@outlook.com,send,Project update 12,0
2026-04-02 08:34:25,dave,colleague5@gmail.com,send,Project update 28,0
2026-04-02 10:15:26,bob,colleague14@vendor.io,send,Project update 19,0
2026-04-02 15:57:27,dave,colleague10@outlook.com,send,Project update 12,0
2026-04-02 09:51:51,alice,colleague29@partner-corp.com,send,Project update 11,175721
2026-04-02 10:01:57,eve,colleague34@vendor.io,send,Project update 2,0
2026-04-02 15:45:35,pat,colleague30@outlook.com,send,Project update 1,0
2026-04-02 08:27:16,dave,colleague3@partner-corp.com,send,Project update 30,0
2026-04-02 15:39:04,eve,colleague48@outlook.com,send,Project update 19,0
2026-04-02 15:40:56,carol,colleague16@partner-corp.com,send,Project update 15,417179
2026-04-02 10:00:24,grace,colleague33@yahoo.com,send,Project update 9,0
2026-04-02 14:18:41,bob,colleague29@partner-corp.com,send,Project update 29,0
2026-04-02 15:39:10,eve,colleague3@outlook.com,send,Project update 28,0
2026-04-02 11:44:31,bob,colleague14@client-abc.com,send,Project update 19,288462
2026-04-02 08:40:48,alice,colleague29@yahoo.com,send,Project update 16,0
2026-04-02 08:27:14,carol,colleague39@partner-corp.com,send,Project update 21,0
2026-04-02 15:26:05,mallory,colleague13@yahoo.com,send,Project update 11,0
2026-04-02 14:00:20,bob,colleague8@outlook.com,send,Project update 29,0
2026-04-02 09:20:45,carol,colleague43@partner-corp.com,send,Project update 21,0
2026-04-02 13:09:58,mallory,colleague26@vendor.io,send,Project update 2,355494
2026-04-02 13:05:48,henry,colleague27@client-abc.com,send,Project update 7,0
2026-04-02 10:57:52,grace,colleague18@partner-corp.com,send,Project update 29,0
2026-04-02 11:19:04,grace,colleague9@yahoo.com,send,Project update 29,0
2026-04-02 14:02:48,oscar,colleague24@outlook.com,send,Project update 3,0
2026-04-02 11:50:46,alice,colleague30@client-abc.com,send,Project update 28,443449
2026-04-02 12:01:31,dave,colleague44@outlook.com,send,Project update 10,0
2026-04-02 08:16:04,pat,colleague34@gmail.com,send,Project update 17,0
2026-04-02 11:21:25,mallory,colleague18@yahoo.com,send,Project update 28,160134
2026-04-02 14:40:30,carol,colleague15@gmail.com,send,Project update 19,360030
2026-04-02 08:12:42,bob,colleague37@client-abc.com,send,Project update 19,345183
2026-04-02 09:27:55,ivan,colleague33@partner-corp.com,send,Project update 30,0
2026-04-02 11:27:58,carol,colleague15@partner-corp.com,send,Project update 7,490091
2026-04-02 10:49:28,pat,colleague11@outlook.com,send,Project update 24,0
2026-04-02 12:38:59,dave,colleague46@gmail.com,send,Project update 21,0
2026-04-02 13:15:11,bob,colleague43@gmail.com,send,Project update 8,70677
2026-04-02 12:49:11,oscar,colleague7@gmail.com,send,Project update 10,467008
2026-04-02 13:11:00,mallory,colleague23@yahoo.com,send,Project update 10,0
2026-04-02 12:15:19,pat,colleague9@gmail.com,send,Project update 12,0
2026-04-02 13:31:46,eve,colleague3@vendor.io,send,Project update 27,415477
2026-04-02 14:31:37,pat,colleague4@vendor.io,send,Project update 22,203836
2026-04-02 15:20:43,henry,colleague22@gmail.com,send,Project update 25,0
2026-04-02 09:05:51,oscar,colleague14@outlook.com,send,Project update 22,0
2026-04-02 15:43:06,dave,colleague28@client-abc.com,send,Project update 25,0
2026-04-02 08:35:36,henry,colleague41@outlook.com,send,Project update 6,0
2026-04-02 10:50:29,ivan,colleague46@yahoo.com,send,Project update 3,0
2026-04-02 11:48:15,oscar,colleague23@yahoo.com,send,Project update 26,0
2026-04-02 11:55:15,oscar,colleague30@vendor.io,send,Project update 14,0
2026-04-02 09:45:55,carol,colleague27@partner-corp.com,send,Project update 17,0
2026-04-02 10:54:45,henry,colleague20@yahoo.com,send,Project update 26,390952
2026-04-02 14:27:45,grace,colleague29@gmail.com,send,Project update 11,383550
2026-04-02 11:08:16,bob,colleague6@yahoo.com,send,Project update 7,422874
2026-04-02 08:09:28,henry,colleague7@gmail.com,send,Project update 18,0
2026-04-02 11:39:03,eve,colleague26@gmail.com,send,Project update 9,0
2026-04-02 14:55:59,eve,colleague2@yahoo.com,send,Project update 18,0
2026-04-02 15:24:33,oscar,colleague26@client-abc.com,send,Project update 29,204708
2026-04-02 12:28:39,bob,colleague9@outlook.com,send,Project update 26,0
2026-04-02 09:14:09,pat,colleague46@yahoo.com,send,Project update 1,0
2026-04-02 11:28:08,dave,colleague1@vendor.io,send,Project update 6,0
2026-04-02 14:55:02,henry,colleague17@client-abc.com,send,Project update 26,409403
2026-04-02 08:23:30,alice,colleague25@client-abc.com,send,Project update 26,0
2026-04-02 14:40:24,oscar,colleague22@partner-corp.com,send,Project update 14,0
2026-04-02 09:03:19,oscar,colleague43@partner-corp.com,send,Project update 4,308054
2026-04-02 13:06:24,alice,colleague26@gmail.com,send,Project update 7,0
2026-04-02 08:22:52,eve,colleague9@partner-corp.com,send,Project update 6,0
2026-04-02 10:04:35,henry,colleague23@client-abc.com,send,Project update 12,0
2026-04-02 13:41:34,mallory,colleague24@gmail.com,send,Project update 5,0
2026-04-02 15:33:30,carol,colleague40@outlook.com,send,Project update 8,0
2026-04-02 10:16:32,carol,colleague45@yahoo.com,send,Project update 19,131985
2026-04-02 14:42:47,grace,colleague45@vendor.io,send,Project update 9,60580
2026-04-02 15:01:03,grace,colleague37@outlook.com,send,Project update 13,0
2026-04-02 12:38:23,bob,colleague43@yahoo.com,send,Project update 14,0
2026-04-02 15:33:28,dave,colleague8@client-abc.com,send,Project update 18,0
2026-04-02 13:51:53,pat,colleague36@gmail.com,send,Project update 30,308468
2026-04-02 15:59:18,alice,colleague29@vendor.io,send,Project update 30,61492
2026-04-02 08:05:39,bob,colleague43@partner-corp.com,send,Project update 3,0
2026-04-02 15:06:17,bob,colleague11@yahoo.com,send,Project update 11,0
2026-04-02 13:36:56,pat,colleague8@gmail.com,send,Project update 6,458807
2026-04-02 15:35:40,alice,colleague8@gmail.com,send,Project update 8,290633
2026-04-02 08:44:50,bob,colleague25@partner-corp.com,send,Project update 1,225307
2026-04-02 14:14:14,ivan,colleague2@gmail.com,send,Project update 16,108666
2026-04-02 11:16:59,mallory,colleague22@client-abc.com,send,Project update 3,0
2026-04-02 08:43:34,henry,colleague24@vendor.io,send,Project update 18,0
2026-04-02 08:59:51,henry,colleague8@gmail.com,send,Project update 28,0
2026-04-02 11:00:47,eve,colleague28@yahoo.com,send,Project update 17,0
2026-04-02 08:30:23,mallory,colleague44@gmail.com,send,Project update 25,0
2026-04-02 13:57:00,carol,colleague4@client-abc.com,send,Project update 18,0
2026-04-02 14:36:41,mallory,colleague19@partner-corp.com,send,Project update 21,0
2026-04-02 09:40:24,pat,colleague38@gmail.com,send,Project update 25,0
2026-04-02 12:21:46,eve,colleague16@client-abc.com,send,Project update 24,0
2026-04-02 12:17:08,dave,colleague18@gmail.com,send,Project update 12,0
2026-04-02 08:27:56,oscar,colleague49@yahoo.com,send,Project update 30,0
2026-04-02 15:42:10,pat,colleague19@partner-corp.com,send,Project update 25,0
2026-04-02 11:45:25,eve,colleague36@gmail.com,send,Project update 27,72825
2026-04-02 10:45:34,oscar,colleague16@gmail.com,send,Project update 3,0
2026-04-02 13:45:24,pat,colleague33@gmail.com,send,Project update 13,158374
2026-04-02 08:43:27,grace,colleague13@gmail.com,send,Project update 21,380615
2026-04-02 09:11:29,henry,colleague33@gmail.com,send,Project update 30,0
2026-04-02 13:47:40,henry,colleague48@partner-corp.com,send,Project update 13,0
2026-04-02 11:51:31,carol,colleague36@outlook.com,send,Project update 25,498142
2026-04-02 12:23:16,henry,colleague24@yahoo.com,send,Project update 29,344228
2026-04-02 09:17:11,grace,colleague30@partner-corp.com,send,Project update 19,0
2026-04-02 09:18:07,bob,colleague1@vendor.io,send,Project update 20,443896
2026-04-02 08:18:23,alice,colleague50@yahoo.com,send,Project update 15,0
2026-04-02 09:24:10,alice,colleague45@outlook.com,send,Project update 26,206110
2026-04-02 14:30:00,pat,colleague11@yahoo.com,send,Project update 19,192389
2026-04-02 08:42:09,alice,colleague45@vendor.io,send,Project update 9,0
2026-04-02 15:21:34,alice,colleague2@client-abc.com,send,Project update 15,0
2026-04-02 11:10:21,henry,colleague25@outlook.com,send,Project update 23,0
2026-04-02 13:01:15,bob,colleague47@partner-corp.com,send,Project update 22,0
2026-04-02 08:35:21,oscar,colleague15@partner-corp.com,send,Project update 9,0
2026-04-02 10:19:35,alice,colleague24@yahoo.com,send,Project update 20,484858
2026-04-02 12:17:40,carol,colleague35@client-abc.com,send,Project update 20,174134
2026-04-02 09:21:26,dave,colleague31@outlook.com,send,Project update 12,0
2026-04-02 15:48:31,dave,colleague28@vendor.io,send,Project update 8,108470
2026-04-02 11:40:03,mallory,colleague3@vendor.io,send,Project update 11,0
2026-04-02 15:02:00,pat,colleague43@outlook.com,send,Project update 17,0
2026-04-02 10:59:36,ivan,colleague41@outlook.com,send,Project update 25,0
2026-04-02 11:37:14,henry,colleague46@client-abc.com,send,Project update 20,83043
2026-04-02 09:19:14,eve,colleague13@yahoo.com,send,Project update 14,419403
2026-04-02 13:21:48,eve,colleague22@yahoo.com,send,Project update 17,0
2026-04-02 12:24:32,carol,colleague14@outlook.com,send,Project update 21,0
2026-04-02 15:47:53,ivan,colleague17@vendor.io,send,Project update 27,0
2026-04-02 10:07:31,bob,colleague6@vendor.io,send,Project update 3,0
2026-04-02 14:44:17,bob,colleague44@partner-corp.com,send,Project update 22,0
2026-04-02 13:28:57,pat,colleague43@gmail.com,send,Project update 15,258895
2026-04-02 08:11:04,carol,colleague30@client-abc.com,send,Project update 8,251313
2026-04-02 10:51:40,ivan,colleague50@client-abc.com,send,Project update 28,0
2026-04-02 13:59:03,grace,colleague3@client-abc.com,send,Project update 6,0
2026-04-02 13:33:49,grace,colleague40@outlook.com,send,Project update 10,241432
2026-04-02 11:29:14,henry,colleague7@vendor.io,send,Project update 24,488665
2026-04-02 08:40:05,carol,colleague12@gmail.com,send,Project update 28,0
2026-04-02 15:47:16,bob,colleague31@yahoo.com,send,Project update 23,0
2026-04-02 12:47:35,mallory,colleague28@outlook.com,send,Project update 14,0
2026-04-02 11:00:47,oscar,colleague48@vendor.io,send,Project update 5,0
2026-04-02 13:33:37,carol,colleague42@gmail.com,send,Project update 29,221624
2026-04-02 13:50:09,pat,colleague15@gmail.com,send,Project update 21,0
2026-04-02 08:39:47,mallory,colleague16@vendor.io,send,Project update 13,0
2026-04-02 09:42:00,mallory,colleague7@outlook.com,send,Project update 24,418980
2026-04-02 10:50:31,mallory,colleague4@outlook.com,send,Project update 22,0
2026-04-02 11:21:51,oscar,colleague32@gmail.com,send,Project update 4,0
2026-04-02 10:52:40,carol,colleague18@yahoo.com,send,Project update 22,405973
2026-04-02 11:44:36,henry,colleague35@yahoo.com,send,Project update 1,498669
2026-04-02 14:06:04,eve,colleague15@yahoo.com,send,Project update 3,0
2026-04-02 14:49:37,frank,prospect0@lead.com,send,Q2 Product Newsletter,87072
2026-04-02 09:25:13,frank,prospect1@lead.com,send,Q2 Product Newsletter,96115
2026-04-02 08:45:32,frank,prospect2@lead.com,send,Q2 Product Newsletter,167309
2026-04-02 09:09:42,frank,prospect3@lead.com,send,Q2 Product Newsletter,111349
2026-04-02 11:02:09,frank,prospect4@lead.com,send,Q2 Product Newsletter,131407
2026-04-02 08:44:31,frank,prospect5@lead.com,send,Q2 Product Newsletter,121845
2026-04-02 15:30:40,frank,prospect6@lead.com,send,Q2 Product Newsletter,109407
2026-04-02 08:46:45,frank,prospect7@lead.com,send,Q2 Product Newsletter,93182
2026-04-02 09:05:14,frank,prospect8@lead.com,send,Q2 Product Newsletter,102284
2026-04-02 15:57:14,frank,prospect9@lead.com,send,Q2 Product Newsletter,157643
2026-04-02 09:33:50,frank,prospect10@lead.com,send,Q2 Product Newsletter,165117
2026-04-02 13:12:12,frank,prospect11@lead.com,send,Q2 Product Newsletter,77313
2026-04-02 14:20:34,frank,prospect12@lead.com,send,Q2 Product Newsletter,140059
2026-04-02 12:08:17,frank,prospect13@lead.com,send,Q2 Product Newsletter,196881
2026-04-02 10:57:43,frank,prospect14@lead.com,send,Q2 Product Newsletter,60575
2026-04-02 09:12:18,frank,prospect15@lead.com,send,Q2 Product Newsletter,184613
2026-04-02 09:00:06,frank,prospect16@lead.com,send,Q2 Product Newsletter,91334
2026-04-02 10:16:57,frank,prospect17@lead.com,send,Q2 Product Newsletter,129256
2026-04-02 13:20:47,frank,prospect18@lead.com,send,Q2 Product Newsletter,158700
2026-04-02 09:57:35,frank,prospect19@lead.com,send,Q2 Product Newsletter,175380
2026-04-02 13:18:36,frank,prospect20@lead.com,send,Q2 Product Newsletter,165048
2026-04-02 15:42:44,frank,prospect21@lead.com,send,Q2 Product Newsletter,190238
2026-04-02 09:00:50,frank,prospect22@lead.com,send,Q2 Product Newsletter,118956
2026-04-02 09:09:19,frank,prospect23@lead.com,send,Q2 Product Newsletter,179499
2026-04-02 13:49:51,frank,prospect24@lead.com,send,Q2 Product Newsletter,178603
2026-04-02 14:29:27,frank,prospect25@lead.com,send,Q2 Product Newsletter,161480
2026-04-02 11:33:23,frank,prospect26@lead.com,send,Q2 Product Newsletter,102335
2026-04-02 08:23:49,frank,prospect27@lead.com,send,Q2 Product Newsletter,122345
2026-04-02 10:53:57,frank,prospect28@lead.com,send,Q2 Product Newsletter,121260
2026-04-02 14:20:28,frank,prospect29@lead.com,send,Q2 Product Newsletter,161686
2026-04-02 08:57:33,frank,prospect30@lead.com,send,Q2 Product Newsletter,141292
2026-04-02 15:34:26,frank,prospect31@lead.com,send,Q2 Product Newsletter,143934
2026-04-02 08:00:23,frank,prospect32@lead.com,send,Q2 Product Newsletter,152718
2026-04-02 15:30:04,frank,prospect33@lead.com,send,Q2 Product Newsletter,178479
2026-04-02 13:16:44,frank,prospect34@lead.com,send,Q2 Product Newsletter,50214
2026-04-02 08:28:56,frank,prospect35@lead.com,send,Q2 Product Newsletter,159439
2026-04-02 14:48:29,frank,prospect36@lead.com,send,Q2 Product Newsletter,178815
2026-04-02 10:14:56,frank,prospect37@lead.com,send,Q2 Product Newsletter,95614
2026-04-02 09:03:06,frank,prospect38@lead.com,send,Q2 Product Newsletter,83511
2026-04-02 14:01:07,frank,prospect39@lead.com,send,Q2 Product Newsletter,153657
2026-04-02 14:44:27,frank,prospect40@lead.com,send,Q2 Product Newsletter,52692
2026-04-02 14:54:54,frank,prospect41@lead.com,send,Q2 Product Newsletter,108730
2026-04-02 11:26:05,frank,prospect42@lead.com,send,Q2 Product Newsletter,50669
2026-04-02 09:59:35,frank,prospect43@lead.com,send,Q2 Product Newsletter,159620
2026-04-02 09:51:26,frank,prospect44@lead.com,send,Q2 Product Newsletter,133623
2026-04-02 13:24:49,frank,prospect45@lead.com,send,Q2 Product Newsletter,133020
2026-04-02 15:31:29,frank,prospect46@lead.com,send,Q2 Product Newsletter,168635
2026-04-02 14:51:08,frank,prospect47@lead.com,send,Q2 Product Newsletter,77200
2026-04-02 09:28:21,frank,prospect48@lead.com,send,Q2 Product Newsletter,121447
2026-04-02 12:05:43,frank,prospect49@lead.com,send,Q2 Product Newsletter,122074
2026-04-02 12:33:53,frank,prospect50@lead.com,send,Q2 Product Newsletter,105204
2026-04-02 14:38:25,frank,prospect51@lead.com,send,Q2 Product Newsletter,121194
2026-04-02 14:10:17,frank,prospect52@lead.com,send,Q2 Product Newsletter,162576
2026-04-02 09:53:25,frank,prospect53@lead.com,send,Q2 Product Newsletter,148501
2026-04-02 08:51:48,frank,prospect54@lead.com,send,Q2 Product Newsletter,149851
2026-04-02 09:38:22,frank,prospect55@lead.com,send,Q2 Product Newsletter,56218
2026-04-02 13:05:02,frank,prospect56@lead.com,send,Q2 Product Newsletter,152441
2026-04-02 10:15:36,frank,prospect57@lead.com,send,Q2 Product Newsletter,56746
2026-04-02 09:28:19,frank,prospect58@lead.com,send,Q2 Product Newsletter,135043
2026-04-02 13:04:25,frank,prospect59@lead.com,send,Q2 Product Newsletter,65034
2026-04-02 11:28:01,frank,prospect60@lead.com,send,Q2 Product Newsletter,76535
2026-04-02 12:55:58,frank,prospect61@lead.com,send,Q2 Product Newsletter,166737
